user,item,count
dbf9257b-8d44-488a-847f-fdcc77b17186,1809-17 3897,1
5701456e-77ab-47a1-a346-9e82dfc0ab96,3690-14 1110,1
ef1d7239-a34f-4679-aed6-49f5892bd45d,1015-17 2295,3
f3720d7d-bad4-4f3e-a33a-e928a5d44e01,1462-14 2295,1
57318d23-5f47-407f-abb1-c2c7f9ec50ee,5003-14 3875,1
32a54b2c-3e79-4282-a8ca-53f858a93156,2001-18 2335,1
29ab7532-f52d-4be8-b5d8-e916bcf6372b,4807-18 2295,2
735db953-04c2-4270-a5fe-729d277565a8,2202-18 8822,2
dae683a4-e4a9-439d-ab6b-668fa619a016,3332-14 3440,1
12c86be1-9e1b-428e-90ce-c90e729e0c26,3417-15 2285,1
a392db46-525c-49a5-816e-7979fb15dd33,3310-14 6800,1
0fa613e2-eb6c-4d2d-882a-32fb6f0e16e6,8630-14 8915,4
d5782d57-1a93-4890-8f4d-b965ceed2f38,2700-16 7718,3
3cc05c66-cca9-4df1-a46c-d6ad39a18a00,2438-19 2208,1
a5d5e67a-2e37-4731-9a41-606c1a6fb762,3362-14 7768,1
445d6ba6-0b94-451f-b8ca-b2c2e106bd1d,4809-18 4410,1
182f037c-ed31-454c-ab05-b60c439b3554,2646-18 2335,1
23047890-f230-4315-8894-7f34a9f29124,1804-17 3897,3
4a2eec70-4649-401f-acb3-2051c16cad76,2626-18 7718,2
6678123e-7f31-4105-bc3b-e48cf6902354,5250-15 2730,1
4de38990-49ee-42ff-a055-3300499cdbf2,1842-17 7718,3
6166c449-a404-4695-a4b8-b4ae77b71123,1494-15 9940,1
ecfd2d41-8e5b-4aaa-b86d-6c071e2e8b8d,4821-18 2295,1
371e88f4-d65f-4c8e-863e-0896eb6d58fe,9607-18 0000,1
12028c6c-f690-460a-a18d-b31289102ec5,1831-17 2372,1
e22183bf-b5e8-480d-9666-3b89b5945aa8,4811-18 4410,1
c3db078b-3492-4349-bc44-21e31e73402e,2052-18 1125,1
c23ccace-ab74-4188-a120-0255af5a0585,2502-16 7718,1
8b596a12-3f9d-4a81-8883-c61307ca8a44,3313-14 2270,3
df052250-9d80-4a77-8f48-35a69499c786,1054-17 2308,1
dca8ea45-56ab-48f9-9694-a12267b35a1a,2710-16 6757,1
932eae59-ee2d-440d-abf2-a81fbed4439a,1002-99 7718,1
18707e4e-1242-4fa8-b56b-64de15674205,5306-16 3895,1
ea06c05f-23f2-46aa-aa8e-6e673c49cdf9,2431-19 2345,2
b5b0e025-a8aa-4da6-81d9-da8419ec5434,9613-17 7902,1
58b696f1-3a46-44db-a4ae-57ea2f864f63,1054-17 1005,1
6a99aece-364c-42db-b5ca-0f2507d37352,3804-17 2351,1
bef35a0f-ee84-467e-b9b6-9d403d88cc85,4822-18 7718,1
27a3be3c-fa0e-4704-b1e9-01dc2d2c85b8,1831-17 2372,1
b8bce702-d61d-49fd-aa22-16854d4ac11a,3006-16 6755,1
cae45178-3b1e-4cfa-af25-bab33b87b60a,1877-17 3897,1
561fc465-214d-4404-a66e-dd554aa0e581,1007-18 7718,1
84f1a5c9-4480-4e81-8228-3aea69fad606,4353-15 5620,1
31fc49ae-5eab-4232-851e-b773df2659b0,2005-18 2295,1
c5cb9c62-cf97-4a04-b8d6-8d580ffb8c30,1604-17 3880,2
454612e0-230d-41a5-b595-4aa39317c86e,1017-17 5630,1
19c6e692-7dbb-48c9-af7e-6f2f54ae4853,5301-16 7724,3
c5b1b53c-77f2-4fc8-8379-2ae1c82fc542,1007-18 2308,1
87f920bf-ded6-40e3-a7fa-a1ea22a883c3,1489-15 8885,1
70b7fc0e-495c-4658-8a78-a10a038a1914,1001-18 3880,1
b06475ae-0a6d-41f1-8294-2975719d462a,4411-15 3875,3
f3d567a4-9a62-4050-af78-6aaeaf4f10f3,5254-15 1005,1
5c3fba6a-daf0-456f-a30b-ee785e276d70,1021-17 1125,1
72392d13-2a2c-49d1-a4e2-17c0e9c4c9d8,3365-14 4470,1
19f606a7-7e75-4152-b24f-331e9d7be3d3,1021-17 3886,1
db3803e9-6908-484b-adcb-3932e417fd70,4808-18 7718,1
caaedcb4-0eba-46cc-a2f2-6767bb4ce860,1015-17 2295,1
1d618c63-9c23-4419-940f-c22113ee80af,1831-17 2295,3
cf2f31cd-e2e2-44d0-89e8-db70f66b3993,2712-16 5630,1
ac3d35ec-ea76-42b9-a266-8320d1548657,3174-15 1011,1
71be561e-6380-496a-8ce4-daf42451d93e,1041-17 5630,2
9765f619-9761-48fb-bdf4-2fbbd2262ac5,1401-18 4410,1
6bfddc32-c143-48d0-9431-12efaec3c2dd,1015-17 2295,1
d5c2b606-af57-4fc2-b80b-3c977fbd476d,2646-18 2335,1
7c1e0460-f044-4069-8525-6364676a9678,7029-15 7760,1
8d0e5413-1804-4c5f-b735-68d787b9ed39,6090-11 3308,2
12204651-0c83-44ce-85b5-deead3453b5c,1879-17 1125,1
52f3b73d-c4c4-4e4d-b756-b53876be4adc,3409-18 8822,2
191a2486-ba5f-448b-8e61-9da75b693fcd,8815-14 7718,1
8aa9024d-5f90-4232-8077-c57d089957cd,3692-16 7718,1
c38d9f5c-4bcd-42ba-950a-09b21c6e2c75,4036-13 1110,1
84bfb751-48c5-42c9-9283-ef757bfd0346,5142-14 7718,1
2c0bfdfb-38db-4e54-aac0-99c45b876c6d,4813-18 2295,1
f0964574-17cc-4afc-884d-48c95550e740,3004-16 2295,1
a646afb7-3271-4753-8bb0-7b61d08615ab,1878-17 7718,2
9da2818d-8d9b-4936-af3a-eee66b1f507d,4824-18 2295,1
e0acb49a-9686-43ed-8a98-ac9b706266dd,2003-18 2295,1
c8fea7e4-1444-4f09-9c95-08904f7e6a49,1803-17 1179,1
d9012983-331a-4cd5-a7cb-bf1349705dbb,2708-16 2309,1
2e85c298-34aa-4688-86da-89e97172871c,4351-15 8890,3
68fd2fd9-b8e9-441e-8ea9-da6c908a94b4,1804-17 1011,3
78f3202f-313c-4ab5-8cd3-e38889550fdf,3004-16 5640,1
18c05abe-906f-4302-a62a-1bab47bbeb4a,1050-13 3525,2
b92ff1da-9ee9-434f-983a-4c5d0a813a22,5300-16 3000,1
5f387cc0-e456-4be3-a18f-a0a8c1f54347,1462-14 2295,1
6186507d-1ddf-4a1b-b34d-c74e16b819eb,3804-17 8895,1
54c903e5-68d0-4ebb-9fda-9215c7a65594,5003-14 3875,2
bff76919-64a9-4b1a-8705-343389beff1c,1202-15 6725,1
830a4b40-d8ee-4d4a-ac29-d0c76df05f25,2002-18 2335,1
c47daff1-1ef4-4924-b794-ddb2b325954a,1041-17 2295,1
bf6e72a1-f141-4459-8abc-6166a2df8a10,5302-16 8915,1
83b07d76-3df1-4e3c-8c1d-fedb02239096,4809-18 2295,2
9641b5b2-b086-4f23-b80f-9ad8e1a76387,1022-17 7718,1
09640b5a-252a-4266-8d88-f445e0c70cc7,1804-17 1125,2
979ae9ee-616f-4b8b-8c6f-20817391b513,1007-18 2308,1
a173e6f9-622b-4ee9-9aed-e5bdda9a32a7,3415-15 7718,1
0f39fe34-7940-4ae9-9ec0-200e2de2a766,1851-17 2345,1
b8fd2c47-b246-42c7-ab35-3f4d4fca9f93,1405-18 8915,1
8770eac1-af0b-433f-942f-a93fb9809c2e,1848-17 2335,3
64f4473d-15d0-41b6-8f31-6ae7825c974f,1016-17 3400,1
97cd0d5b-dc3e-44e0-af10-59a34fc8211b,1022-17 3880,1
280442b2-4af7-4898-a56e-fdfe1d718974,1204-18 3000,1
f803201c-b7ff-48b1-9021-b898abdb99dc,2620-18 7718,1
6a3d92ef-88ca-413a-9baf-d63a9bb74720,2612-17 7718,2
b89e5776-0302-42e1-801d-fc3209b9f737,1004-18 2308,3
e2e619c9-921e-4b52-b1a3-78a864c2a3f5,1486-14 1125,1
335eb775-b662-4811-9d4a-51557a5c59d6,1008-17 1125,1
cdc8f970-34e6-411e-b41f-9d610460833d,2205-18 7718,1
36a29bd7-a488-494d-aaeb-a3372b158c03,1812-17 7718,2
38e80e47-8c4e-4d3a-87be-ce57eef815a7,9613-17 7902,1
ef6b2a5c-e1ec-474b-8eb3-9ebeeacd8198,4390-15 2295,1
b29b170e-97a3-424c-941a-352d2af1a5be,5142-14 7718,1
1e341ff4-89e5-41f4-9e2f-bd5436d1110d,5311-13 5610,1
154e4388-71a2-4fd4-8d50-06bee42c115f,4404-18 3898,1
c96bcc57-8d41-49db-b3a3-b5b0cb2ad9c3,2714-16 6757,1
1e87856f-10f7-42ec-a4dd-4cce01f2af75,4019-13 7718,1
53d9252a-f458-4065-9850-cd6e2d78a39e,1878-17 1179,1
fb1f6527-cd0e-4be1-886b-b8eee792fdc7,1050-13 7718,1
c753a86e-c1a5-4e73-8f07-633f89afd3e0,2039-18 1125,1
244b7e57-2a7b-439e-af92-8dcaa99d54cf,3162-15 6755,1
67aa164b-95c6-4a2c-9f1a-1763339e3d82,3342-14 1255,1
476995b6-fbcb-4480-8a58-18ba769f6d50,4010-16 2295,2
e66b16d8-dbd4-4dc4-9df6-4d103b6d8615,2222-18 2295,1
58d6389f-5fdf-46e1-bff2-f9deebb13ed0,3036-16 8802,1
0fde843c-fadb-4378-9ef1-24be7b967d37,1017-17 2295,1
3f819c82-e08e-4a47-9514-4c219320c79e,3403-19 2350,1
61b4b7cc-d2fd-467d-9560-32935c4c266a,1057-17 8900,1
a2d8ed42-5b43-4f74-a48d-f6f7522c224e,3405-18 2350,1
ac73cd70-439e-4160-af66-53cfedd7ace7,3321-14 7718,1
3deba373-09ac-4b2f-b35c-97e010f80413,3032-16 2372,2
6a9d2271-6b64-42b5-9f44-844ec8d76cf0,1001-18 7718,1
f16a4ca9-4e2b-4cfd-b497-7fcbe44843d3,1804-17 1179,1
2b5dac30-65ca-4085-a105-f98495b2244b,7042-15 7760,1
69e384bf-98a1-4d7b-9335-72d907d78c7b,1877-17 1125,1
0fa2a77e-03c3-4d12-a60f-7cfd9f7391d5,4812-18 2295,1
29c9dd4f-a8ee-420e-ad37-828b7016671e,1041-17 2295,1
ffea37aa-025a-4d79-ab53-73ba3b6aea95,2230-18 2295,1
6ad5f7b0-f224-40bd-89c3-52bdbc90f79e,2040-18 5635,1
94580ffb-999f-41db-b60f-a634761f5ffa,4810-18 2295,8
ae02fa8b-d217-4584-b1e7-6f32031befe9,3000-16 2355,3
306c345d-fe9b-4721-acde-26590c34c32b,2003-18 2295,1
77b39a93-1f52-4b4d-a966-72587a614b15,2202-18 8822,1
b4d8459f-d6cf-4be3-941b-51e972bebd9b,3624-17 7718,1
7040df16-5094-4743-8482-8aeedce07557,2007-18 2335,1
ba767cc6-b8cd-413a-a0eb-77622f37901d,1004-18 2308,1
bd7ef86c-610e-4402-9cc1-93e187a23e4d,6410-14 3303,1
ea47e914-ac14-491e-976d-67ddd2f56467,5610-15 1005,1
1f6617a5-74fd-4b53-be02-bae0ebb7a087,1877-17 3897,1
4fb695fc-3bd1-4f40-9559-1b921067868f,1881-17 1265,1
6b21519d-e95b-4032-bfe5-14490aa92f9c,1007-18 5635,3
f6d31988-97cd-4374-97d7-12ed49ae202f,3692-16 7718,1
8b2e76e4-1164-45d7-af68-ef0478d34b7b,2451-19 8860,1
909c2538-a6be-4b5c-9b7d-86a8c6d4878c,3036-16 8802,1
db8a32af-efe8-4c20-984a-caf55e0cd4e1,1055-17 7718,1
67a0ce1b-aec8-4f4d-97b2-7df81e63821c,4032-13 3450,1
11d3d46f-7ce8-45ef-a4dc-0f6ca2b23886,2209-18 2295,1
5f040670-aef9-4351-b9d4-9f72f4438691,1058-17 5635,1
8f65b800-49a6-4d35-a482-1fc15726c117,3330-14 3440,1
05515e80-965f-42e6-8672-863da4384a9f,1488-14 7718,2
e778b88a-d24c-4f0d-9256-daec60f207f6,5036-11 6750,1
e95e1eae-ab2b-42a6-a3cf-f6c5bdd0db42,3804-17 2351,1
cb96e50b-a8b4-451b-b145-43de49950cb0,1831-17 3663,1
cc4e7e82-e759-4af1-94d2-0baef165f2e9,3410-18 8870,1
575aaee6-c95f-4a70-b81f-a8906c0139c6,1063-16 2302,3
58116057-63f9-4e05-8a6e-467faa65ce13,5611-15 7718,1
53b1f8dd-14c4-4db4-ad4e-0ac6aa4397d9,1021-17 2330,1
32659a4a-090f-4c67-9e88-77f74766eea1,2704-16 2355,1
5abb0fdc-f9ee-4410-8ffc-7561cd48fabe,1041-17 5630,1
3dab44bf-dd51-445c-8008-018e055689f3,1054-17 6725,1
8f89f68d-49ca-45c1-a2b8-d393d37fe5af,1057-17 2308,1
e57785c3-1137-4515-b7c1-6ef8b4a009bd,2035-18 7718,1
8582a8f0-3911-4582-8635-51c6847240fb,1008-17 1125,1
d8a1d523-4ca7-4ffb-878a-c8ba2ffd9cae,4824-18 2295,1
29a24672-46f4-4325-92ef-0d15087d3c71,1057-17 6725,2
ea9b3b27-ba8f-457b-93fc-2da0bda6ca3f,3000-16 5640,1
eecdc52a-867a-4055-9790-f7789d293c3e,1016-17 2295,1
8a344acf-5ce8-4eae-b7ca-20202b1850cd,2646-18 2335,1
b94898bf-8dc2-458f-8927-2ece8de4bf91,4823-18 7718,1
01281bb6-01db-49c8-a7be-7eb132d9ffef,1821-17 2335,1
b30ab947-9a7f-4515-a1a1-ee6e004737a7,1852-17 2345,1
5d9572c9-78d6-48d3-9028-a979962550c7,2618-18 7718,3
40b7cbca-65d5-47b1-9a1b-1ce5bdc653e1,1850-17 8890,2
7bf821f1-2515-4590-870f-bccf8f67f952,3344-15 3440,1
e514191f-d969-4ab4-80fc-09fd48b32c5f,2502-16 7718,2
f6b82d5e-990c-4d14-9bc7-bd653368fa23,1057-17 2308,1
b2f4af92-5ac0-42c6-b9c9-ea66fba5ca8c,5331-13 3485,1
c8cc046a-57a4-4797-af92-57920ff6f126,1004-18 2308,10
d9fd9ec6-28ba-435b-9d62-17f9dda37457,8815-14 2340,1
ff65c873-1a48-4dda-8fea-2df41497d978,2005-18 2335,2
392fd350-0059-4a50-9615-6f2464cf857f,2211-18 8822,2
069f3e40-e3c4-4ecf-b541-6f120523cfdc,1831-17 2372,1
68cc145f-68f5-465e-ae8a-cd57da4fc51c,4821-18 2295,3
beec4009-aa4f-4a92-b344-561d861dfbfe,2603-18 2335,2
aea98996-933c-44b2-8fce-aed35c89b2ae,3036-16 8802,1
a9f02cc6-eb56-4769-baaa-dbcbaf4baca7,1607-17 7718,1
7dd66b5c-d4fa-4347-a05a-54ef86b38022,4390-15 2295,1
16e5a26a-a292-47f6-9edf-328642411307,2614-18 2301,2
918a6a0e-7489-4bea-901b-871fd41e7f1a,6411-14 3303,1
931e0b02-6132-4a66-b5f9-c965c6869a75,1880-17 1265,1
27f17a8b-41b5-4244-8b45-ecabf917f8a8,5142-14 2270,1
86cb77cd-08f4-430f-ad05-141811aa21cc,1051-17 8915,1
ad852c18-00b9-419b-9e64-9abb189a3e12,3415-15 2325,1
c075eb53-5531-46f9-91eb-7491a0ed4c6d,1804-17 1179,5
63f79b72-6a1b-40e6-a1e0-0409082d3230,1880-17 2295,1
ccdbebff-7586-41b4-ae45-6bf8ade00db9,5011-14 1235,1
8ee6482d-f133-44d6-b19e-874b132e1f05,5003-14 3875,1
7bcd27b7-bbd1-41da-96fb-fd2ea5bdfb32,4060-16 1270,6
e420ff66-13f9-4723-b1fa-b5bbb730cef6,1281-13 8822,1
8565f36e-da8f-4161-8328-3793f969d059,2714-16 8895,1
5c39d694-72c1-4c3b-bdaa-788d25f38945,1808-17 7718,1
6a4287fa-1fb2-460b-b50b-1604091b59bf,1007-18 1125,1
23d49de3-3397-4e4e-b0fc-501f4ba3be34,6034-14 3303,1
fdda8d02-d636-4e7b-b213-41d8edf49647,1204-18 3000,1
c2b14418-569a-4804-b219-9c9bd9d812b8,1022-17 3880,1
87f3c59e-809d-4dd0-9d7c-d719d8976d2d,1212-16 7718,1
9993bf1f-13b1-40b0-8d79-ce21634f33ac,4312-15 1011,1
ae4fb968-ec84-4c41-aa94-3c3e28893b1e,2036-18 2330,1
1de8ef07-280b-40f2-b882-76f7c7e893d2,1808-17 7718,1
969f9164-8309-4a9c-8027-5af213e5a148,2001-18 2295,1
0342b22c-1b3c-4ef8-88b3-7f4018cf93a4,2212-18 7720,1
20261393-b6f8-4100-8328-a661d0b54783,1601-17 8850,1
e86ca2ed-61d6-418c-9f5c-3efca09cfe17,5336-13 3485,1
bca8897f-ea52-4bcc-a1f1-edc2a26d6cdf,1005-17 8915,1
9887f4ce-8253-4570-9bdd-c28050509c4f,2614-18 3440,1
dfd4d4d8-962e-4585-8b33-c5f8d6d4bbaa,2416-19 2295,1
79e2da74-8794-4d7f-b887-9ad4c0e678fd,2700-16 7718,1
c1a46b19-acb1-49ae-92f1-be1c244e33f7,1489-15 8885,1
6f9181d4-3dcb-45a7-8d34-876babb37230,1008-17 1125,1
d9059720-8e18-4a9a-91d1-a54552608377,1845-17 7718,3
d40e9074-f620-4762-9b0d-0b07eb0c24a7,1405-18 8915,1
9151a319-9870-44ae-a563-47d929019ebc,1202-18 3897,3
90b32a05-198b-44f7-9b93-9925d751c958,1004-18 7718,1
ee4a8771-6506-4b79-94e8-7057772d63bd,2463-19 8875,1
b6f4cc5f-2381-434a-825e-d68f21fe4066,3415-15 7718,1
c8cef4fc-d240-4c5e-9343-785b3f1d0a5f,3323-14 1265,2
2434071d-7b39-47c4-8f16-af53f0f0f815,9613-17 7902,1
239cf91a-73a2-487c-bad9-0b4d1467de07,4818-18 2295,1
0bd6245c-1131-43a3-973e-b93f191d3dc2,1878-17 2295,7
33465d35-60e3-424b-b822-a18ea1384188,4017-13 7757,1
f2449d7f-17dd-4fa4-ac13-ecef68ff773e,0045-00 3003,1
d6fbde73-03ce-466a-a04b-c8b0a2a012c1,4822-18 7718,1
c3bd8be4-a2af-47ac-98ef-ae2f8b84973b,2040-18 1125,1
fe343787-582e-4dc1-93cd-5f5526d7ec0a,1041-17 2295,1
af828e4d-2a6a-474e-85b3-16bd47ca1066,1843-17 1265,1
54e48fd4-4c94-4129-9c16-f9ed41ac825b,1418-18 2295,1
e6272581-e769-4bfb-accf-18a1179fb962,3201-18 3430,1
a40b8952-e7dd-428c-bc34-7c9173db1d57,3157-15 1265,1
7e582950-dee7-4838-9a89-188664622fbc,1204-18 3000,2
e3b8bdd8-9a7d-46c4-9116-b6e633c22ce1,3006-16 6755,2
0f7c2c1a-7af5-4251-bcef-797d28d886cd,2004-18 2295,2
5b583722-3de7-4dc1-b26b-326ccb0a5cbc,3401-18 8870,1
2e0328ca-0d3f-4c62-8d7a-e699cd2203b7,3414-15 2345,2
9993bf1f-13b1-40b0-8d79-ce21634f33ac,1295-11 2345,4
2086ccaa-4a06-47f5-a6e7-5722b798609e,1880-17 2295,3
8b69bd8a-8efe-401b-8d58-d98604a1d9de,2710-16 6757,1
707a3f9c-42f7-4f3e-baa6-e8389f733b26,2039-18 1125,1
7d4ad1e8-1529-44e0-8558-e029a4a64c3f,3321-14 7772,1
043325ae-5a2f-4c43-aabf-56b09d20a952,3321-14 2309,1
6dca4cb2-e86c-4e92-8185-d9ad4ad9cf18,1831-17 1265,2
21c82cef-9046-46d8-9bf7-15fc8809f748,4807-18 2295,1
5b9dda4f-ff0d-4de1-9a0d-5463c301e8bb,1605-17 7718,1
439afe88-a0aa-405e-b707-ec14ca33bc4a,2634-18 2295,2
9123c869-a8a1-44d1-9c79-5eac0335f2ec,1803-17 2295,1
e1cd3985-4a87-4cbb-b312-1e462db61046,2224-18 1161,1
05890e68-662b-4830-b709-65f1975bc35f,1262-13 4465,1
ccd48d75-d33d-4434-b518-d0ef6aae15bb,4611-18 3301,1
12075ad1-c52d-463c-95b6-d955e5af8dcf,6062-14 3308,1
56716b85-546a-4b07-ae2b-b46de2af86e0,3434-16 2345,1
2b524b6a-0f32-491c-b7c7-1ec83478077a,4201-18 3898,1
76762cc5-8bf9-4bd8-965e-ac8261e04c48,1845-17 7718,1
4d4aca16-08f8-44be-b3b0-798d9f5a18b7,1017-17 2295,1
6fe43b8c-6449-406d-851a-7f08529b9cb4,9612-17 8830,2
5ec78b88-bdf2-42fa-a361-cef14f9ab0a0,2618-18 8822,1
a9199d63-7a77-4e04-bc1a-29d2ec44787b,1807-17 7718,1
eab66045-8650-4067-8b93-7e04b3141371,1005-18 5635,1
6c9432de-4111-427e-82e2-0eb53096f665,3321-14 3440,1
e4e24ebb-92a8-4206-ad3d-df650710018a,1877-17 1125,1
41ab452e-7a96-436f-b0f6-a011d602fb6b,2704-16 2355,1
4f7f9450-b92a-4abf-9073-53a1bb40453c,1804-17 5635,1
0cef4343-757c-495e-8244-029883420dc1,2801-17 3303,1
7f0464b2-f016-4001-ad1f-43e7213532df,1877-17 2335,1
d958d593-817c-46fb-9997-d0ebf45b1ce7,1008-17 2295,1
e9d8ffd4-3711-4c8e-a8cc-c07f1979ea23,2043-18 7718,1
8c42c12e-b49c-42f6-a120-43a62967cd9e,5313-16 7718,1
bc6d1329-fae7-4528-a311-b9dc478f0f7d,4825-18 2366,1
da0daa39-b55c-48d4-9097-1f82124a8e7d,2801-16 2355,1
868824d3-d2b1-4109-9156-9774e115ca24,1056-17 6725,1
13b4448e-a46c-4f0c-8104-a6315b21bcc2,1403-18 4410,1
9d1301db-1e7b-47e8-a37b-aadbf6d7be9d,1080-06 7700,1
03d54484-70a5-448e-98b4-7fbc77c59cde,2647-18 2350,1
6a39acf8-8e37-4cab-bab0-9bb4f1dc0d80,4010-16 3490,4
f3a8630e-9367-4ffa-9aab-1cc61bbb8807,5034-11 3460,1
34bf7168-70e8-4fe4-8023-3ac99359905b,1002-18 2295,1
8d3a0ba2-388a-4cb9-aebc-774f2e65fd35,1002-18 2295,1
b65e1612-9fcd-4e69-b30a-5e55018e190e,5256-15 8860,1
338c87a5-4d88-44cc-b9f4-ce27ababe1cf,3401-18 2295,1
90e6dc8a-34c2-416f-b77b-a88d7e0e624a,4820-18 7718,3
f20f8a7d-0836-4212-b046-5c40a53b62de,3323-14 3663,1
87f1c143-7444-4497-a164-3fc2bcc3d48e,4072-11 7718,1
5772e1ee-1941-4b48-a5d3-5a0e3f83d13f,2001-18 2295,1
f7f44313-7b08-400a-af9c-ecda152a0b38,1850-17 8890,2
ad87aee9-96c5-4977-92f5-f873d64c4612,0353-10 3871,1
c5a8356d-fffd-4232-aab0-03f10b1af4f7,1847-17 7718,1
4811baef-2e24-4337-9cbc-6f6fced2322b,3414-15 2345,1
e57facbe-2a6d-4af7-bdd9-a2ba89a9425a,3415-15 7718,1
123b65da-e437-4149-9c7b-1104c2fc0fd8,5203-15 8860,1
d09db42b-7527-4ad9-917b-7a9e8554636f,2023-18 7718,2
ab37984c-df9f-43a5-bac3-f98aba6daa6d,2224-18 2295,1
d2290755-9839-4d3d-9a28-f41f3361af63,1002-18 7718,1
a96c6944-69e2-4745-905c-8baad2551564,2708-16 2355,1
ae317401-5ab6-428e-8d6a-8269ad2fdb93,2011-18 1179,1
0266606f-b4c0-4c53-a999-71f6cdab3ba0,1463-16 7760,1
e4dd8f84-080f-4b1d-8108-bcd7e9eb567f,5306-16 3895,1
fb96f61b-60f9-4817-8c34-9ca6691f22c9,2630-18 1161,2
37eb307c-c65e-4de0-ad7e-f7d7ba31b8fc,1053-17 6725,1
0b8b3bd0-de83-4be9-a0f6-88527dbac4c3,1015-17 2295,1
51ee8498-aebe-4394-b8a3-04876805767f,1053-17 1125,1
8189e2e5-8a1c-4647-9956-b866351ec50b,3201-15 6725,1
d032c83e-0f3f-4857-91e7-de4872a0d4a2,4011-16 7718,1
5bf314a1-5934-4983-8083-925888db65d3,1401-18 2295,1
ef1d90ed-b433-4581-a418-d51d4432e72e,1878-17 1179,1
206a4abc-c3f1-423a-963e-3ca90c380d82,5030-14 1235,1
3b49ebb4-d38d-486b-9a17-1bc6aeeba464,3032-16 2372,1
2d473800-9399-4d73-8620-c7589b723f21,1051-17 5635,1
f7fc1387-7600-4229-847f-5b8b1520ea67,1055-17 6725,5
d77a9464-baff-498b-9f1f-809497b42429,1808-17 7718,1
9fb9d1c1-f5d2-4d4a-bf66-a7615975f072,1875-17 2360,2
3995206d-178c-4f51-963b-fcc1b3d1d0dc,4821-18 7718,1
af8178c8-cf72-498f-84a7-18896f19b6ab,9608-18 7902,1
486933fe-68d8-4099-a53e-686d4c66e0c4,2626-18 2350,1
938f963b-c4e3-4064-ac54-e25a84fe1177,2039-18 2295,1
e77d41e2-5148-4b03-8101-2daaa94487cf,3803-17 1179,1
0afe0cd2-8a91-4abd-9394-ecda4e67ba85,1021-17 2330,1
9e2ea645-9412-48ba-b64d-22c71c50d67b,1832-17 7718,3
c0e195b9-227b-4f77-8d1e-82e7e50cfbe3,3417-15 2345,2
c5e30f32-b93e-416c-85d8-f37ff50f3bcf,3210-15 6725,1
2f3eb2fd-7635-4522-87d8-f016c41bb729,3036-16 8802,1
334ef74c-a3e7-4c6a-8e52-1b0160ea887c,1015-17 2295,1
0e2fc9d5-932d-493d-b2c1-9c79fda4c2bb,1880-17 1179,1
900123ca-3232-4274-bd56-9aa6bbe1ed3d,5142-14 7718,1
06749827-205a-4d15-974f-60bd53cfde06,5202-15 7718,1
2adbbc41-7cd7-444e-8688-19b940d44337,1015-17 2295,4
98631714-7f8c-4ae7-999d-cb2eb71f5fbd,3202-18 3430,1
00b08b79-49f3-49a5-8ed6-cf467af1e793,1057-17 2308,1
95498fb3-fa2b-4dc0-b448-274c0974e143,6063-14 3308,1
aad08d5d-4cb5-4cfa-9d24-d7c2a8e2a108,2404-19 1125,1
ead46dfe-b6ae-4417-97b9-19eeeecd3860,2007-18 2335,1
28883805-48a6-4abe-a9da-3d40f87808c8,1001-18 2295,1
55253539-e879-4dce-a480-b8fa700c945a,2412-19 5501,1
f0ae8273-35df-438a-9c99-36a56ab0e8a3,2224-18 8822,1
14322b83-2268-4c12-9517-be97bef0bffb,2224-18 8822,1
1e93158a-3784-4266-b4a6-835f110f1797,1054-17 2308,1
18e2b3d4-e176-4206-a0db-c1a802b5f4c1,2508-16 2345,1
866f08a9-afc1-4bde-a797-7c01d8bb458a,2054-18 7718,2
e9f6dbdc-cbd6-4614-ad7a-9882a202e80a,2048-18 7718,1
37e32994-d1e7-4023-9d74-4a36936a329f,1806-17 1179,1
0234503b-18b7-43cf-ad42-0e71b2123ec8,1002-18 2295,1
c7078983-251d-4ac6-a40e-5e96109d8ff7,2635-18 2295,1
8c8692ec-1f9e-48b1-9d04-2b5a8eb5f050,2433-19 1280,2
4e0cd886-7a26-472c-a952-25a3c9039a04,1871-17 7718,2
a796efcf-2fae-4e04-beee-d710bb8369fe,1879-17 1125,1
d704bad8-b1c5-49a8-8bcf-0bfa377e9c13,2441-19 7718,2
4da43a68-b9e4-47a1-b2f0-9730f9994db4,1801-17 2345,2
1fa17fcc-1287-43e3-b7bf-f65a828c139c,2626-18 7718,1
200804c4-3adc-470c-91ab-875378a8b41f,1802-17 2295,1
9ee2ead0-42a6-490d-8e99-2f256f53796a,2054-18 7718,1
9514a8a9-ae63-4972-bc26-cb2383c5cc36,3321-14 2309,1
65a67d4a-a3f1-4be3-8881-389707e55b11,4821-18 2295,2
c8b3eabe-a97c-4aa0-92da-e8c1dab94057,1201-18 9929,1
d2c9b2e5-dfb1-45de-b902-d43fe437f4fa,4201-18 3898,1
d916a0dc-36f1-4e34-a022-f36773bfe0d7,9613-17 7902,1
9836aa5c-aab2-4272-97b1-1eb757349360,1001-18 5630,3
88198f03-e30b-4d11-93e3-59ff7b49a428,1021-17 2330,2
348b6593-a220-43fd-bd04-07f0487f663c,1402-18 2295,1
ef5f46d3-2f7b-41d5-9d0f-1658749c79fe,4012-16 3515,1
e62ab073-28d1-40c6-98b3-1ec6b27cd04d,1603-17 7718,1
3a30d7af-8f4d-46c8-90db-c7016d2b2560,5005-14 5609,1
e3bb6d1b-84fd-42ae-8d71-c17558d326bb,1008-17 1125,2
286dd818-c651-41a9-8a74-0a683f081bcc,1875-17 2372,1
79a740d8-dd12-4b3d-8242-bedbdb2a447d,1017-17 2295,2
268eee2b-71dc-4ac1-8a7f-fc9d64e6af85,2054-18 7718,2
5bb20e5b-f6db-496f-a2a0-7f49f52a5245,4611-18 3301,1
91713377-05f7-467f-a2f2-d0a16c2cdd65,4823-18 2295,1
674cd35d-534c-43d7-951c-d2d8e524a1f8,1015-17 2295,1
cc469c63-2d83-4242-a1ad-f65ebf42a60c,5202-15 2335,1
b00a3345-f6de-4fe8-8afc-1fab81924d08,3321-14 7718,1
750c0d2a-f756-4542-b26a-11c6d4ea89be,1002-18 7718,1
c5cf9feb-2528-4422-84ab-f8a4b48557ef,3693-16 7718,1
fbe5e4fa-011f-46b9-8dd6-68f9ef9bdcfa,2620-18 7718,1
1303f251-0c89-4827-8f30-b3eeefd280b9,1850-17 8890,2
2de9be69-636a-4840-aba6-240815ededa1,3323-14 7773,1
48841c7f-367d-4c1a-bcc1-6bfbef93e9fd,2054-18 7718,3
fb17a625-0505-478c-b160-b9d0594af88a,1064-17 1280,1
491e4248-ab15-472e-9380-d9267acdec30,1052-13 7718,3
9df53ab4-3a3c-4d80-9123-5a81ec1f6851,2002-18 2335,3
52459e6d-d845-436b-bf7a-d746914c23f7,1418-18 2295,1
e9e3804d-5448-4d73-a86f-fc6fe8c8bf87,5202-15 7718,1
ff2df787-357e-4585-8b17-ab054d5decf2,4824-18 2295,1
1aecf323-4ca2-42fa-825a-3dfac530f9e5,3690-14 1110,4
24afe91d-d439-4db1-97f6-528289c6ca56,1852-17 7718,1
d4cce601-e386-42d0-9672-f9de0bede051,1058-17 8900,1
3bec1b48-e4da-4de0-8788-049b11dbcac1,1053-17 6725,1
7cef10eb-68d5-4d0d-8a95-1b8171c180e3,5003-14 3875,1
8aaed2b2-6142-4ef6-8653-3a4eb52ce767,2614-18 1225,1
a756183e-26cd-4e31-88a1-2f9f155e89d2,2023-18 7718,1
81e9cff9-b95b-48fe-bc0a-0761f6fd9f34,1005-17 8915,1
b283d26d-ea7d-4b84-9a0a-b0b9f6a016b6,5142-14 2270,1
f6fcf7cd-c301-4d9a-bc57-5a5360a141ff,1804-17 2335,1
1e695b22-c4d8-4710-b173-85416ea1eebe,1001-18 2295,1
b5700efc-480a-4930-a084-e9f55062eb06,3350-16 1255,1
f38ff5db-27aa-4119-8148-6e680493c29e,1846-17 1265,4
cfafdb0b-facb-4cce-b3e3-71243bcf1e6c,1017-17 2295,2
bf4e51ed-42be-4d3b-8f41-3fc70bdff654,1063-17 2335,1
595fac2b-08f4-403d-bf22-cd1d1b67eaac,1831-17 2295,1
cc911167-a1d7-4bb5-a36a-0bd088d705fb,1052-17 6725,1
7b56c006-2054-4c6f-90ac-582d70f39a06,0049-03 3315,1
d79893bd-f9d8-4699-85fb-22d0f43f8571,2708-16 2309,1
c091cc5f-ea74-48f6-9553-8b28cda97018,1807-19 7718,1
a9e33441-ab34-4cf4-85cb-ea5a252c95a0,1877-17 3897,1
bdf12734-05a2-4d38-a05d-67cdb02011ce,1057-17 2308,2
b2dd9f85-c6b9-42fe-9c6d-4592417d1304,3211-15 6725,1
91520523-4150-40e4-bc17-c6365cab927c,2463-19 8875,1
cd30e925-b10c-4e7e-a816-c55ad0d6f278,5200-15 5625,2
11739a31-512f-4982-a77f-69ef38d0e788,2434-19 8885,1
569f7772-e8bd-4ce0-bd82-20773667f99a,9606-18 8830,2
77858485-867e-4169-9432-512bb79ac82e,3416-15 1265,1
83dfb9a6-760f-48e7-b98f-53e271a91712,2001-18 2335,1
ca2562b5-e07e-4c0a-9fae-be5c8719c87d,3802-17 1280,1
25c6845a-b99b-49d6-9ad8-23175c723036,1805-17 6725,1
191106db-f870-474a-8cb5-359a24f8917c,4821-18 2295,1
dd0260c3-3043-46ba-a88c-ef3d699c9155,3034-16 5650,1
e6e6d3ee-36b9-4bec-8eeb-d5b70dce9070,2051-18 5635,1
617ee4f3-f01b-4d86-a4e9-4dcad9c3ead1,3000-16 2355,1
e7517c60-0466-4dcc-886b-a2021faddee5,3412-17 9900,1
37039bdf-1f4f-46cf-9b46-223ba5558066,2801-17 3303,3
2774822b-3e31-4091-8e9b-90bd48a7d96a,3323-14 1265,1
6b34360b-36d1-4698-9da4-e6a19cc196a1,2212-18 1127,1
145fcfc9-11cb-4344-abbf-35cbcf76f4fc,2005-18 5630,1
5c87b912-6f8a-41b7-ba11-9d8363814e4c,1017-17 3400,1
3c0a2c2b-ecec-4b35-b3bc-10e001d55f4d,1808-17 7718,1
559a15a2-e73b-411c-82c4-261f4e96192d,6034-14 3303,1
8023f2be-55f2-4328-8386-521bc7e9f9f1,4820-18 2295,5
27f75094-80d2-4da9-b7f5-e2bb4aae0326,1420-18 2295,2
ba8d7576-715c-4070-b9f0-2c36af09a25c,1806-17 2345,1
ffebec70-3776-4b93-8822-20882e2453fb,4011-16 7718,1
cfe71ad3-1b3f-4914-a340-c9c6d8abe723,1841-17 1265,1
f0b99914-98d1-4ec3-a05f-9757eea5ce79,0049-03 3315,1
8f5dc3ad-49c8-429c-a59d-ff03e9b17107,1017-17 3886,1
2d933bc5-b2b1-4220-a9f8-62583a83463a,2712-16 5630,1
8549d3bb-1fa3-400b-9b1b-07958b569d00,5036-11 5600,1
df150d81-06dd-4ca9-a47b-94b00afd97e5,1064-17 2325,1
a020dea3-c8a3-4f74-88b9-95b554b478dd,1017-17 2295,3
3914312b-eef3-40a0-a76e-c1ff6bca5bef,1001-18 2295,3
0c983e7b-a26f-40fa-8fc7-b965a172647e,2211-18 3663,1
918f527e-176f-46a2-a6af-6f8ed736fdd8,4062-16 2295,1
3c59285a-135e-4d45-8a0f-7180484e39a7,3036-16 8802,1
eb89ae93-a26e-4d32-80b3-0cd414823018,4808-18 2295,2
5006a1d5-9914-4d8c-8d13-8c1acfee48e4,2211-18 2304,1
3cdb5095-2b68-4178-8a94-95db1ed0b21e,3434-16 2345,1
fc77ff5a-c7e1-42e2-bdce-6c2fa3390339,3691-16 1179,1
a2713baa-5a4d-4113-8c47-2595c5542caf,4611-18 3301,1
3e979cb8-d1fe-4e25-a014-f56101d5f3c5,2603-18 7718,1
3e747368-e7be-4e74-9792-57fe8fcd1506,1821-17 1179,1
2c3940db-720f-4d31-8430-17b81bf57345,1877-17 2295,1
bc04e5aa-dc33-4851-a36f-030bf42c6173,1804-17 5635,1
cd79bd1b-ae22-48ec-a993-db1486ea6b1f,2702-16 8895,1
78b74f1d-a242-483c-ac0a-43c57854a0ab,4011-16 7718,1
9b56bb29-0568-41d3-985b-c203335294f8,1170-14 1255,1
14f432e1-b500-4245-a381-26be0d507fa5,4057-16 2295,1
36c96afe-ffd7-4f9f-b81e-33ba5478f82c,2702-16 8895,1
b9d6eb5b-0ee6-4fdd-ade0-6f4eaea9e7ed,1058-17 1005,2
0d4f2dd5-9a2d-4fc9-bd8d-8a3b2d89e050,9602-16 0000,1
5ddfc81e-4430-49a9-bcbc-08e715d75ae0,1872-17 1179,1
c10ded69-ad08-485f-bf31-85ca025a56fa,9611-17 8830,1
a8c897b8-132b-4ce1-a751-e4291f6024cd,1812-18 2295,1
343d5b15-09b1-4ea1-bf8c-918876406a70,3030-16 2295,3
f6d55539-2192-49ac-acd2-90d758c074ae,5610-15 7718,1
81da1825-46c2-40db-9314-9bd417b4d42f,4021-13 7718,3
9926617f-a61e-4972-884f-583af02fa022,1007-18 1125,1
c6901ee4-e7a8-40bc-82bd-88e889259ac7,1607-17 7718,2
86da0b8f-d656-41d1-8ace-b42989979c79,1805-17 5635,1
00ab9df2-f0d3-4e81-8c59-f90f9d31c02e,1804-17 2335,1
fe7bcabd-7f20-4805-a3e8-38c1b3a65147,2812-16 2355,1
7ab913c6-e89b-481e-86f8-788247c19f95,3632-17 9900,1
4acd2363-9fb5-4c88-be7e-a313564ddd5c,1878-17 3875,2
7a898c79-41e7-4fd9-aea0-0572eec70cbf,1053-17 5635,1
4ae13857-0f78-475f-b7b6-905163e65196,1848-17 7718,1
b21587db-741b-4cfa-969e-4515062d6ed4,1264-13 8830,1
02736dd2-8286-47cc-a653-12cb25632e66,4390-15 2295,1
b8380b3c-3bf3-480f-8227-1e638177b4dc,1171-12 7718,2
8fed6e57-9f8d-4eb0-8b13-1dd8e4ad1438,1017-17 7718,1
0f97093e-2fcf-4d97-9d43-2c890ce262fa,1007-18 5635,1
13b65540-f9bc-4398-9088-ee43ef63007d,1808-17 7718,1
adb46341-c08d-4e2e-85ac-f2e8972490a3,2706-16 6755,1
593f7b5c-e049-40fc-8ca9-d74b6b2b2324,6034-14 3303,1
0c684b22-0c69-45cf-b83b-d7198aaf5205,2211-18 2295,1
bd54ff24-1729-4773-bb19-a9312ef43f27,1404-18 4410,1
fb579246-dc2d-4d22-89b8-418d7672d500,2407-19 2365,1
8b4c760b-b6a7-4b93-a7bc-a2343948a9dd,3416-15 1265,1
c40fc48b-fa83-4151-9f07-c19d7105440f,1007-18 5635,1
dd293f21-1b5b-4df3-b027-7bad6dda92f0,6034-14 3303,1
206e4e58-f251-4323-9896-910aa5277e72,1015-17 2295,1
31765d28-0fa4-4030-993d-3b0fb24b6d76,5140-14 2330,1
8f59a46f-ff19-4651-887e-ca87577d57d0,1015-17 2295,3
37f72b49-fa31-4dcc-946b-911cce44a604,1802-17 1179,2
c7175be0-d443-4762-b22d-bfc662acdd54,1007-18 7718,1
0fb00077-9c21-4d4e-b47c-e44b2771bbac,9602-18 7718,1
e9500438-a9d8-443f-954f-f725b8c3508e,4013-16 2345,2
9e4dbfa5-af0f-481d-b3e2-08db65aa1e6d,1882-17 2295,3
a77be1de-7a22-4889-b2c2-a0d305fa18dd,9601-16 0000,2
5998ead6-f946-46bb-803b-6725d352d6ff,2708-16 5630,2
1611cc15-e63a-4d6b-9418-fa7e030b1846,2011-18 1179,1
eb27a9c8-1541-49f1-a2bc-031db524a08f,1401-18 2295,1
96e7437a-ea68-4b46-8cee-a9396e2988af,1821-17 6758,1
7c672c6b-eba7-4131-8744-75d7ddd3f55b,1802-17 1179,1
c52bac95-5fe6-4f4e-b0d2-cb6eb41c8c42,1202-14 5610,1
ec8dec34-e822-4a7e-b461-2c0f2bca2f1a,5300-16 2355,3
6d4b9927-616f-4ec6-9e93-4f2a543472a3,1878-17 3897,1
e715922b-417f-45ea-ab07-5e02da51c97c,3420-18 2295,2
c9c1b82f-aae9-405c-8ec9-7784256e6a79,2618-19 7718,1
744d769f-04da-4cb3-9ea4-74dc4e93b9b9,5611-15 7718,1
83b271ff-90bc-4807-8d95-58b6bc172d35,5313-13 3495,1
d1749b98-9526-4463-92e9-9199cbc33017,2005-18 7718,1
702c34cc-6c02-4cbf-b901-420c6125b4b6,2211-18 8822,2
c0193ee3-ea9a-4fc8-bbd3-295c0888cbbb,2639-18 7718,1
05a86996-fefd-4b1e-979d-ca3b6acc6150,9613-17 7902,1
2871ca23-c0d5-4e81-96eb-cefaf5b4f1cb,2407-19 2365,1
ed13faed-4ebb-4365-83e9-9723978943fb,2712-16 2309,1
7bc6ec72-6cc2-468c-a143-0d1cb9e6f6da,3032-16 2345,1
aae284b9-7bf9-407c-8c96-a858b5b37df4,1405-18 8915,1
079be961-fe40-4807-8a7e-cdae1afb6297,2004-18 2295,1
a9704a80-4051-4f00-b39e-e45218b12a16,1877-17 3897,1
8840dca6-e7f9-4dd6-b16f-921b899a199a,1006-18 7718,1
dbc5e4b6-1053-4278-87c8-4876fd7ef997,3433-17 2345,1
f1b10eda-1a93-41be-a8c8-1d658e4cfec3,1201-18 9929,1
9928a671-61ab-46ce-a53d-41078e4265ed,3323-14 2295,1
48c93613-52b2-4a89-8fb6-3d1bf6f67844,1608-17 2345,1
82af1283-3e60-4938-a83e-279786f4c5f9,2040-18 5635,1
5441b944-5e8e-4d27-8767-d6ae5ed5922f,4807-18 2295,1
47e5d3a9-fd08-4c69-957b-09e35314966b,1004-18 7718,1
a0d474f4-f505-4407-a806-b366cc8b9c40,1021-17 3880,1
b44345dc-2398-4246-8aec-ec2a98e934da,5011-14 1235,1
32147c44-bce5-4e5b-a6de-cf2fa56e8b64,2049-18 1125,1
250a46c6-1a5a-4689-b881-1052e1e307e2,9602-18 7718,1
ccfc84dc-8882-4363-be04-bb302787a5b5,1852-17 7718,1
940b7b18-5bd9-4623-bd33-8737ce5cab72,1056-17 5635,1
5005bce2-64bd-4325-8c18-1faf0147422d,4011-16 7718,1
f2cc4b80-4b1e-4383-aece-4b870e2fd407,5612-15 3515,1
68e4a648-7206-4f83-b4b8-5fd49d69f0ad,5140-14 2330,2
09806af5-f521-426d-9551-ecb9f3ca47ac,1403-18 7718,1
ce55dbd0-fc59-4e8f-a164-9a4a26a71331,5256-15 8860,1
5429acd6-1d42-4177-9002-122c9b681273,4060-16 3490,1
61b3b9f8-8ded-4059-a2fc-e3477ee452f3,2605-18 1225,1
0dcdfc68-253b-400a-ae04-35a97c9ed91e,2642-18 9940,1
39ddf6f5-993d-4c80-b140-41af1857b91a,2708-16 7718,1
73183bfb-ca0d-469b-8404-eef372fbefff,4010-16 3490,2
a71af0f3-9ba4-4d75-917f-6b60f8fbf1e8,4059-16 2295,1
71a6664a-28d8-478e-b806-06cf3ad76d36,1056-17 6725,2
1495d330-29d1-4c16-8101-a298b6362f8e,1880-17 2295,1
c9c25308-f625-4f8b-ae71-79d46a581d21,2640-18 2295,1
7d77f671-1400-4bd8-94ec-13251a77d78e,3004-16 2295,1
98691d30-ddc0-41e9-a410-b9ca1a2ed442,2002-18 2335,2
7036e255-1888-4c56-8afd-73e9bea39d37,3413-19 1161,1
5dcfd5b0-23f5-4b5c-be50-6425cfeb0570,1851-17 2345,1
e596c62e-0562-4f70-ace2-f73b65d03d0b,1882-17 1265,1
e82318ed-43bd-40df-b20b-6be552c91aca,1804-17 1179,1
03760281-45a4-4784-a8a0-caea9f2927e0,1843-17 1161,1
63dc0acb-0ce8-4897-884f-370a378d77cd,2005-18 2295,1
a79b448f-4d29-43dc-a4e7-57d3378c48f4,3004-16 5650,2
80b80923-b5e4-4f99-bb39-ec95ce2c707d,4030-16 3490,2
1055b27b-3055-487f-b32b-544bbe2ca66c,2703-16 7718,1
c2bb95b5-b436-4f8a-84f7-e53b988dc5a0,4824-18 2295,1
d4dbd351-e5bf-47f8-b73c-af31bb316b08,1001-18 7718,2
17fb043e-2d69-4255-bd95-c1f4d6eae047,1054-17 8900,1
1d939b1a-c0f8-40dd-aa8b-d9c57db2d630,6034-14 3303,1
7c22f431-fb6d-4435-890b-d991b3107275,9612-17 8830,1
58eaaacf-7083-40a8-bbcf-4bffa854c234,1014-17 5630,2
9a57eb4d-d7a9-4810-8d84-6b9baf362640,1006-18 7718,1
c0588448-187e-4b19-a3a5-111522a53b55,1016-17 7718,1
e39170ee-014a-4fc6-bb18-49ab4210fd48,1604-17 7718,2
d87c3b9d-e1e6-46ed-a630-216cc6fc7e00,1014-17 3886,1
9f1281f1-f76e-47c4-b5c5-5af1864d8987,2054-18 7718,1
1e7e8f6a-25af-4e74-80cd-a1ac5ebcca67,3616-18 2295,1
3e3db222-5db6-4266-b3a0-2e0d041905e2,1878-17 2295,1
bb94a606-c7ac-4cfb-9370-cc73a0a8cbca,2205-18 1179,1
e8c98d5f-0717-478a-a63a-899cabdaf2f2,4072-11 7718,1
60cc7bc2-87a2-4ce3-90b0-13b2054b3e75,4808-18 7718,2
46087d73-345f-4a8f-b02e-fd53dab0160b,1404-18 7718,1
16f21ff3-486a-42b3-a9fe-dcddfe212d13,2616-18 3663,1
b01de8b9-2a2d-442a-bd0c-67da92343198,1426-18 2366,1
76f7ba55-d1d7-4fc6-b392-ea6011f3a393,3201-15 6725,1
f4a1f320-6877-43d7-b80f-3ae45a729012,1848-17 7718,1
a844fd69-3bb8-459a-b411-d9ab0337672d,2634-18 2350,1
f42f411c-0752-49a4-938b-ad9c4c65d0c0,1017-17 2295,1
ba632fa9-5fb0-4d3b-b10c-db2c680d3526,1485-14 3886,1
f9583cb7-b9d1-42c9-941c-bcc248bdc118,2433-19 2295,2
9ef96773-75f8-4ffb-9d01-1d9830c9c520,5140-14 2330,2
2abbb9d0-b06e-4574-935b-37c0932374e7,5630-13 7760,1
75532b85-8a42-4904-8cbf-6f6e36d73f06,1001-16 5630,1
f8c81da3-3508-4ad7-8c89-567a77c3b573,1015-17 2295,1
e3276b70-dec1-46a6-b5bc-1b402e5e6df0,1015-17 2295,1
b3e9fb6e-3598-4f3a-adf7-027c46b19187,2801-17 3303,1
4ff4fe10-3095-439c-a196-4b3ea3b12c5d,2603-18 2335,1
7168ec73-6531-4300-989f-c8d258458d3e,3321-14 7772,2
9bcd1161-01b0-4b10-9a64-8132161449d0,5201-15 3470,1
a3239f6f-1ce7-4bb2-a1c3-41b6df701db3,1405-18 8915,1
55f1e962-1004-4b42-a32b-89de02c73016,1803-17 1179,1
fd5b9b12-32e4-4f9b-94b3-71e6af9fcc04,1008-17 2295,1
8b7d3dd3-bb42-4d83-9ed2-f513a95faf42,2001-18 2335,1
7ba56f3d-2461-4d89-a78a-f48f5a995c73,2039-18 2295,1
6231227d-47c5-4fc5-b38f-ad531199115e,2510-16 8801,1
e5b3070e-f49e-4f3f-a8a2-1da6fe3415d5,3000-16 2355,1
fd135161-39ee-4e0d-be75-1103c08e6d2c,1007-18 7718,1
e75fec57-ff00-4172-aec2-a144298eaf28,1005-18 5635,1
66a60082-d8c6-4ca4-8ea7-a51796df45c9,1057-17 6725,1
fd36b430-875a-4ecf-b51e-fa087caed904,8530-14 3440,1
abb59d9f-ed6f-49a7-a485-f647fd9f08a0,4203-17 7718,1
c7f5a913-b7df-47dd-9cfd-2451d4a484e7,5032-14 5609,2
41b48bec-d5ee-4ada-a25e-540634d02835,2634-18 2301,2
5245b60c-049a-4c2f-9c2a-cacd1482dbd5,4611-18 3301,1
326330fa-919d-4772-91ae-3cf16572351f,9613-17 7902,1
422262fa-0dad-47b8-afbb-cdbc9acf72fe,5300-16 7718,1
4f68c66d-c3eb-4918-a352-c5c711f94f8e,2500-16 7718,1
276bc7ff-92c2-4c2c-9f9f-447891b1884f,3412-19 1161,1
b11ff5d9-8d32-43a6-afa8-09c26c83b9da,3200-15 1265,1
c5e405b6-d47d-4b67-a13c-9edb45e0c77f,1021-17 3886,3
dbdd09ad-a6a0-4da2-9a18-ab38004b86ed,1494-15 9940,1
e4f8521d-561d-4445-83e2-928145020b8b,4012-16 1265,1
2321d998-2c1c-491d-b1ec-9d325cc5d098,4822-18 7718,1
cb7022d8-e81a-43d0-a56b-4e687b5314d8,1603-17 7718,1
942c93bf-ba7f-4b67-9cab-0badfee338e3,1494-15 9940,1
2bff0464-0e85-4db6-966b-a97c604f7465,2611-18 1225,1
100255cb-8bce-486d-9f2e-a1ce3934da9a,1603-17 2355,1
6a08db9b-7cd0-48c7-bd36-cfc6cc97dbf1,2618-18 2335,1
6104d141-4cb2-475d-8f5a-a1761a634662,4013-13 6805,1
1de1018b-df3b-465b-a560-2adec72b1928,5146-13 7792,1
717063e2-f0a5-44cd-93d8-046af1036c42,1811-17 3880,1
6bea9fe2-a1db-4152-9fd0-6c7636adf4a4,2211-18 7718,3
dbb5bdc2-89c5-49a0-9291-316d018f93c5,1054-17 6725,2
9a41315f-76bb-4c98-a31a-ac3497f3d5da,2003-18 2295,1
4ac413c1-94e4-4748-8262-d849a74e0a42,4808-18 2295,1
13729f15-cc35-4e0e-a7cf-95ec83235fb8,3434-16 2345,1
7d44c248-56ad-4c43-9a1a-86f484e2c267,2638-18 2301,2
a23f0243-19f2-4015-b89f-c86d13cebf45,2639-18 7718,1
c1306c79-bd21-465f-bd05-fd384fc8dffc,1578-15 2335,3
beba800d-87c1-4b5e-9a22-05cf0a9ae5f9,2040-18 2295,1
64c1ffca-e569-45af-b30e-ba8b4a69e549,1405-18 8915,1
03ca4726-f0c8-463b-a8fc-44e299d935dd,9613-17 7902,1
d904f6a8-cede-429c-880d-df335197cd25,3434-16 2345,1
1a5a9e6f-85cf-4ea2-bd91-a1e9045c5cdd,1056-17 8900,1
33f7cc60-bc6d-4cd7-a89e-4bdd5cc4cd2d,1051-17 5635,1
0529f8a4-02a9-4602-9cc1-54894b61cbb5,5252-12 2320,7
69f5702c-8320-4d3d-a4b4-5e0aa6f715ea,1064-17 7760,1
a3807145-fdc0-439a-8d19-7483ef22a1df,1469-16 5635,1
26e1ac48-674e-4bb1-a7e4-89c2c574d34a,1064-17 1265,1
f9e659bf-256e-406a-9742-bbd7f4b95a34,2411-19 8875,2
f5139efb-3e99-4eda-b39f-bfaa6240d5db,1045-14 6800,1
57c4d18c-cdda-491a-8cec-8068c427009e,3202-18 3430,1
35e7d6ba-d811-4b07-ba61-95fce6e81885,1015-17 2295,1
16b32806-7555-40ec-95a7-87117d42e50b,1002-18 2295,2
b06bfa4c-1b27-480f-a493-a33e22fecd5e,5082-13 8830,1
cad7c481-a931-49b5-977c-27aaa7572817,1608-17 2345,1
49da7828-5545-4aff-9cf7-7aac34c7b8e8,4820-18 2295,1
30e6286f-b5d8-428f-9cc4-c2b59b0d54c5,1878-17 1179,5
5b509ada-ea0a-44fb-8369-ebc011cae13f,2401-19 3897,1
9e6c3ca0-d762-4540-bdde-fd9dd1b8daf6,3441-17 3880,1
6fdd6b92-73cc-41a2-b401-98288aab2b88,2207-18 1179,1
6415b2c6-4838-444d-afb1-686ec4bed20d,3436-16 7718,2
216d3eac-2228-4975-abec-2f01ff949934,4202-17 1125,1
a8dec3a8-dab8-486a-9608-0afcf0136190,1488-14 7718,2
a1de533e-b4e1-4e20-a62d-b2bd4c40a694,2706-16 6755,1
bc61162a-16d4-4418-9b41-4fe88004f91c,2646-18 1225,2
94821564-0d07-4115-9344-ec865314dada,2001-18 2295,1
ef49c30f-9ee3-4e38-846b-895f11db0ced,1881-17 1265,2
d537fb84-9bd0-4426-9e78-4bcc988cc571,1801-17 2345,1
97dca9d6-14c4-42ea-aa32-35c141887fe7,1804-17 5635,1
c01618d7-fbef-4679-9ab4-ca85fd620c97,1469-16 5635,1
a7cf8b24-e6fe-4d99-8b73-9de09362fdf5,3321-14 2335,1
c3f080f9-4d0c-448f-8935-708280dbceb2,2001-18 2335,1
603267bc-2b0f-486c-bf22-a1999cb85f13,9613-17 7902,1
30aaf82c-b53a-4c15-a272-49545518ca3f,1804-17 1179,1
1a0dfbbe-ec1a-4131-98eb-adf48d911b3f,1001-18 2295,1
e0ed3898-59cb-4492-a90d-730786127839,4060-16 3490,1
5fe125e8-68ee-430b-945f-81347c5122c0,1056-17 8900,1
d5503411-8eab-4a2a-82a9-e423482a8c9e,1041-17 2295,1
84718e89-ab4e-4681-b4b6-508e7f8ec934,9613-17 7900,3
ba8bf678-e0d0-4114-9796-9be551830374,1204-18 3000,1
e15e739b-3ec2-4024-9f08-21a2db51db94,2209-18 2295,1
72983c12-4119-4918-b8c7-823341d6b7e7,2639-18 7718,1
9035d598-57f1-4b1b-9c5b-9a9a07b8b9ca,3412-18 2350,2
361b036c-61eb-4912-9e2d-5953bfdba3fe,3804-17 2351,1
1e1e2bdc-4d4b-485b-94aa-887114767be2,3403-18 2350,1
cd4ec935-b262-4c5c-917d-ae3b59c955d5,1831-17 2372,1
56dfc6b8-10bb-459c-a508-64df3d66a389,1562-14 1260,1
543ef403-d652-4f66-913d-746f662ea973,1001-18 2295,1
f5c0b643-12be-4668-8fef-49046cee36fb,9608-18 7902,1
49dc7105-88d2-408d-8857-1bc96ca6e69c,1201-18 9929,1
72e8fdd4-8a6f-4f03-b2c2-866154a74f2d,1057-17 2308,1
2faedd30-571b-4d79-acf3-6e8a0f960201,7015-15 5630,1
2fc993f9-2343-4992-9400-43d72b115cdb,2006-18 7718,1
b3b89ea7-0463-4ef1-95fa-48e4c73cc36c,9613-17 7900,1
54c2610c-bc1b-480c-a8c7-118b3f023765,1831-17 2295,3
b77af934-2a82-499c-b081-95464b66c09d,1063-17 2335,28
faf82579-6924-429c-8649-3fde46adc30b,5300-16 3000,1
8315ee20-09d4-4aff-80f2-37e0dc74bcc5,1601-17 8850,1
1a043411-ab68-4e0a-86fb-60e73b3b5104,2039-18 2295,1
e7b65110-b28d-4801-b9d1-d00dc39c2321,2611-18 1225,1
0009d40e-98b5-430a-8ba2-b8c595c3144f,5336-13 3485,3
446ffd1b-c5d3-4a62-af6b-3ff213e5dbac,1022-17 7718,2
299b136e-1e13-41ee-955a-3781f70d2d24,2634-18 7718,4
083c962d-2753-4fd2-a98a-b225348e304c,1804-17 1179,2
b2c956b6-45d2-409b-9efa-f1b48df9d9c6,4059-16 2295,1
a60661c0-c492-4628-be41-0ae0fe607815,2211-18 8827,1
9e2997cb-30ac-4acd-9fb8-8d682e09b0d3,1878-17 2295,1
dd624426-2ec3-4dc0-9b02-547a3c461430,4817-18 8900,1
e2e07326-1768-449b-b312-e45b60857df3,1877-17 1179,1
eae897bd-f713-41cf-b376-bef6619686d9,1463-16 2335,1
002550e5-f4ec-4fa3-a79d-905a85784dcd,1606-17 7718,1
4f28e944-f70c-459e-8d23-82193ed4f2bc,1021-17 2330,2
610947a1-98f3-4bae-8e30-d824a40dab17,1413-18 7718,1
ac964012-8e85-48bd-8003-94dbad9a03f0,1488-14 1125,1
a5381126-257a-4d46-9ca0-f0f7de409d81,3693-16 1265,1
e50a5e2d-15e0-4757-829a-f99f74e7d37c,1831-17 2295,1
059acc84-9f77-448f-b2ea-8c4d23ca5ed3,1058-17 7718,1
ef0ae639-6e99-482d-9290-28eac14d0b84,1008-17 1125,1
7daa9394-aa2d-4be0-b306-a4a67425633d,1805-17 5635,1
b652878b-0854-4daa-a528-d8049ddfbb2a,2411-19 8875,1
ab54462f-5ccb-4c67-8243-c2d175458f18,5300-16 7718,1
03e237ac-2c6c-4aa0-abac-3641ebb90a0c,2612-18 2295,2
13dd586a-8bd6-46c6-b99e-f6e9bfdfb4f7,1603-17 2355,1
229bc8d3-1505-4a97-aef0-9d11a08c6fe9,3162-15 6755,1
2a9557f4-9417-4a5a-a721-52e726bfc53a,1808-17 7718,1
8a5a6dcb-143e-42a6-bc2c-6e31e04b56a2,1057-17 6725,1
e7189ca7-108d-4bbf-92d1-add020dc9541,3801-18 3896,1
c2b2d0d5-aa8b-4544-a1ab-9c343137f004,5142-14 7718,1
5157f86a-8784-4c99-be89-49dffbca3898,1804-17 1179,1
4bdd464a-1495-4d2b-b418-71895da92872,6062-14 3308,1
114b278d-4fe8-4336-ba1e-a484ffb95915,3211-15 6725,2
2a389cf2-8c8a-42f9-b997-29ea57c31fe7,6063-14 3308,1
2cb5b780-324c-4f11-8572-d74407be6fc2,1882-17 2295,2
1e7f3e25-bbc1-4009-87ef-d6262771b03f,1804-17 1179,2
d78b8516-8dba-432f-b402-fc6ae42c3a7b,1001-18 5630,2
197352cc-087f-4df2-bc5d-fc0c6e8a0de3,2224-18 7803,1
d651544b-9c1a-48b2-8978-23754aaabb81,1015-17 2295,2
8d52a05e-0214-40ac-8190-dd1e5c81cf8b,3422-18 3301,1
6fc4694d-ac47-4d5c-97dd-351b2b815c8f,2708-16 2309,1
476e0867-1fb9-496e-be61-ce5155603cd9,1055-17 6725,1
eabb35d1-54e1-420e-b3ad-a3ca217e4109,1040-13 7718,1
f81af651-a5c7-47d2-bc7f-cb29a68ee321,2401-19 7718,1
789002f5-11f2-404c-a818-2c90445e7276,3420-18 2295,1
aeafcf67-3695-4ba1-a422-bcef9c8542c8,3420-18 3895,1
86167a4c-c744-46aa-bbdf-c5e1a5389797,5254-15 1005,1
386e7d8f-54cb-4e60-ba74-26df274104d0,2204-18 2335,1
1cfcceba-624b-44d8-8840-79fd58476ccf,1804-17 3335,1
cb90b237-3349-4317-ae82-664eb31aaf30,3334-14 1005,1
ce1dfa97-80bf-46ad-9b1e-b80e2388a805,1804-17 1265,2
2ed8467d-8c2e-4ce6-abb8-39071bda7cc0,2407-19 2365,1
874ecb0c-e573-4e3b-ad44-6bdf7be51f01,2042-18 1125,1
646d60a1-180e-4fa7-8f6b-b36f3b2cc16c,3332-14 1255,2
7172ac6c-2074-41b1-99dc-2d5a86ab58c1,1007-18 1125,1
fb3018a3-019a-4392-abd6-e0f1a0ae804d,1063-17 8850,1
6d03e147-8070-47c8-a9f0-516d43178d18,4060-16 1270,1
529a8d3d-8592-47a2-ad41-a73a8e1b18f6,1016-17 7718,1
1c8f0e32-2d9e-4801-ba3f-965b05fa37ed,2004-18 2295,2
5487f20e-c78c-43d4-a1a1-c6d19d833361,1056-17 6725,6
729680b4-2f9f-41f7-be4c-a5fc1c00a4b9,3174-15 2335,1
d8c76b2a-36f5-4cb6-a355-3d1d92938b46,5252-15 7700,1
dade87d4-cb64-4ae0-ac58-50e6d68b140e,3691-16 1179,1
d53bcf1f-b57b-4f47-94a2-802fe6dd1601,9613-17 7901,1
ba1b394a-5bae-4d7e-9774-8cfc01a240f5,1603-17 2355,1
33cdbb7e-58f8-4e55-a242-477ed81bc76b,3032-16 2345,1
4b5a77f5-3010-4eaa-938d-e83c0c603b87,1843-17 1255,1
a97111b5-9317-4cc0-b8aa-a6dcc48c7154,1404-18 7718,1
f03c095a-1646-4388-8d63-219cad77ca60,1803-17 7718,1
58cd8622-92db-452c-99b2-627c8a31daa6,5610-15 2335,1
b2eea776-04c3-493c-a48a-4f8a08ef647f,1402-18 2295,1
eac6a1ef-71fd-4dd7-a480-d483db3d775a,3036-16 7718,1
8aa7b73f-ca7b-4f0e-885f-49c6c6749858,1053-17 6725,1
7b61ee22-ebc8-49c0-9771-f67580e02dbe,5300-16 3000,1
1e6c8505-81a2-4e1b-bd60-1f44a13d711e,1015-17 2295,1
96d1cafc-aa53-481c-9227-8cc188529b8b,3414-15 2345,4
641016df-74df-4a36-994a-53fc2caff5c1,1007-18 5635,1
8c41a5d2-195e-4828-a378-fa1a57f19d52,2510-16 5620,1
8619f78e-c215-4389-b716-d8b56c7965cb,5203-12 2320,1
0cda2fd5-ba03-4764-8dcf-bec062fe307b,3804-17 8895,1
2ef62940-cc4f-4605-876a-2c4d34ed49a8,1490-15 1179,1
af828e4d-2a6a-474e-85b3-16bd47ca1066,3340-14 1235,1
32c20740-005b-4106-a7cd-782e2bb8707f,4057-16 2295,1
971ae365-1637-4492-9cfa-91a3844dcd26,5336-16 8800,1
aada6af6-2efa-4d15-8656-47b4d502a0df,1871-17 1179,1
f63a1135-2edd-4f6c-95c0-3a232c5d72c2,1052-17 1005,1
3a8dbac9-855c-442e-bf67-bc5e8ab5f15a,1002-99 7718,2
942695a4-fa10-496d-a6e4-fb3be2af8bc4,3693-16 1265,1
283daf81-c831-436d-ac16-87862c5335ed,1871-17 1179,1
ef22193f-8a0f-4d49-9af4-c13ad9afa170,1804-17 1125,5
4a3da4c7-f38d-49c9-98b1-93d494f971db,3402-17 9900,1
0f00fd28-9f8b-4333-8b91-32af9f4149a1,1052-17 8915,7
7225024a-6c6e-450d-9d24-01e5c2000394,1801-00 5610,1
cbaf96ae-4d47-4e85-acc9-88809ceef620,1806-17 3880,1
987104eb-3f0e-45ae-956e-63b51d520ebc,1022-17 3880,1
06c23236-89e9-4a60-9a8b-78031abdfa90,1007-18 1125,1
4e54e51b-1498-4ca7-bc07-4c4cd4706ed9,1880-17 2295,1
6bceecd8-44a5-43e1-8b8d-4acc42d79e05,1846-17 6755,1
78b2b9d2-6f5e-4a7f-a785-8fdfea916231,3804-17 2351,1
a15f974e-ed6b-4a18-9850-50055ed91d31,1054-17 2308,2
6a233485-01f5-4358-a4e2-41a4bed2ff98,5300-13 3460,1
d1ee98b2-0da8-4916-b68b-439d8a03f549,1053-17 6725,1
84ddf5b4-6bab-484a-bae4-45ba87cb0a7e,1064-17 1280,2
bd7b9538-617d-480a-82e2-dbe70fa5faa3,3401-17 2345,1
541c7c63-c953-4e90-9cba-380f074ab0eb,1021-17 2330,1
bfa9a265-dcaa-435f-9745-6f891e9e8844,1494-15 9940,1
b780e9fb-c203-491a-9b8c-5ab143cfcecd,5632-13 7760,1
054d3f5b-be8e-4ff4-b3c2-38c0ea3f4c88,4060-16 1270,1
4e55aa2e-b190-40ff-8680-4330af429215,3313-14 2270,3
de7c7e6b-8bfc-4e3c-9581-6118f5645c4c,1807-17 7718,1
ebbfeffd-efa1-486a-aedf-960f39858dbb,1802-17 1179,1
21caf5ed-6add-4990-bb9a-282de4e1db96,3691-16 1179,1
95e3ab2d-8e35-47d6-bcba-10dddc104e20,1418-18 2295,1
ba908e22-0170-4a66-a761-048a7beba036,3401-18 7718,1
f41b2c8a-9e7f-4afe-a959-549c17d7b6bd,4057-16 2295,1
d0b3e44f-6f66-4f4d-9055-495ff0abf7f8,4017-13 7718,1
9b83e6f4-30c7-41e6-abed-bf6f117e22ca,5311-13 5610,1
58833f4b-07f9-4e03-810f-bd9f6cdacfba,1052-17 8915,1
b25c494f-72dc-4146-9169-16fbcaf2b291,1017-17 3400,3
d4130462-0b2b-4348-93ac-eef9af82bdb3,2004-18 2295,2
8cd3c4b3-4638-4977-b4f5-27bac34cdb89,5338-13 1225,1
444314a6-70c4-4f8c-ab3d-a12856ab408c,5336-16 8800,1
e19844a4-cafa-4434-8270-e3879009ffab,2634-18 2295,1
0e47cd5f-221f-4a3b-9ad8-6ca0b78c7f4a,1058-17 1125,1
3eb97ae1-4f8a-40f0-8e0e-72c0aa9af9fb,1490-15 2335,1
19d768d9-5551-4604-aa15-64e25b8a3d69,4822-18 2295,2
c77d1c10-3e97-4fd4-b897-02b1fac6b344,1001-18 2295,1
71ae7e09-2449-475f-96f0-26c7313548e1,1057-17 2308,1
f78fc6b0-c189-46a4-b8d5-24182449b96f,1871-17 1265,2
5842407a-f77b-49d7-806a-88d6c8a6eeb6,5250-15 7700,1
0712990d-d54b-4615-8783-a769ca43e0e5,2034-18 1179,3
431e86d7-3bb4-4d70-a88d-a3c117066aba,4811-18 2295,1
5a8a5d21-e6d2-4ebd-96ca-6dc64a64e51f,4019-13 1110,1
38f7bd79-0415-42a0-8358-ca97949e098e,5331-13 3485,1
fd408808-b4a9-4ba0-8ce5-9c8717f47cd3,2054-18 7718,2
dbaada42-295a-43a8-9088-c1bac37292b0,4062-16 2295,1
0d02fafe-127f-489f-b4b1-e996e24c2139,2502-16 7718,2
822a48ea-e2e9-4349-b769-16856f1ec5cc,1205-18 3000,1
36177469-956a-4b38-80f5-3f7c67842a8a,1283-13 1125,1
8e2b7056-93e0-47d6-8f65-969921470bb5,1004-18 2308,1
8f9a9caa-2512-44e9-b2ae-82d3212fba5f,2001-18 7718,1
fc8db2e3-d9e0-4883-8126-d8580c255bd4,3410-19 2295,1
bb572ee2-c50e-4200-8c5a-9a1f50fd30f6,1051-17 8915,1
b57daa0d-3994-4b77-bb78-9668250834d9,1403-18 4410,2
3a69d42e-a4f9-460a-b3b6-2a49fa9205b2,2035-18 2335,1
a4d19626-a088-4b01-8be9-7eb846eeeb1a,2639-18 7718,2
077ddd69-27d3-4d26-825c-c77b348e78bb,5611-15 3470,1
82688d36-9c8f-4e61-8981-58ca1878a933,3034-16 2295,1
839fbaf6-1581-452b-ba12-ac8b3dd056ac,1015-17 2295,1
430a3afc-c509-4027-8884-a45f4e5e8f7d,2224-18 8822,1
df4096c2-f1fd-4100-9e0d-6dd716c2dbcc,1017-17 3400,1
1da19510-6241-4c68-950f-1608756e433c,1842-17 7718,2
a10df0eb-455c-46c6-84bd-858b4bfe6b65,1054-17 6725,1
6a4f762b-269b-44cf-bd2c-1e3707522f43,1016-17 3400,1
ff76bc36-0823-49f9-b6ec-02732a922e1d,2429-19 8875,1
795fe7e9-11cb-4717-8eac-2109444b60a1,4809-18 2295,1
7158a521-637b-49a9-a4b8-cb4e6e260b86,1021-17 5630,1
bda96b70-1cdb-4391-afe3-e2276eca1234,2606-19 7718,3
0b349341-0cd8-4226-a070-6336d6d09b5f,1606-17 7718,2
c2c93e3b-6cac-4a72-a35a-79ffdd815028,2616-18 3663,1
623b0936-2629-4eea-bcd3-46b1770d1ffe,1806-17 2345,1
e4d2757b-e990-4606-b08c-fcf89a83148d,4060-16 1270,3
4ccef580-6804-4af2-bd6f-1015db10ef6c,3336-14 7760,1
bce78e65-aea5-4ab7-9506-d19d09ecac0b,3422-18 3301,1
4b580423-7fd6-492d-9b04-9adcc3df70ec,9602-18 7718,1
d351b892-eefc-4338-b0f3-5cf794c599d9,4821-18 2295,1
5deeedab-283c-464e-88c9-90a3cdecf309,2010-18 1179,1
5233211f-983b-4d34-9eab-9c269304282c,1485-14 2295,6
b391a4aa-4bce-481e-a65e-13873284cb6a,2054-18 7718,1
d4fc2d13-e5da-4774-a08e-27c518543207,3415-15 3897,1
8953400e-7094-4528-91f3-a4bf2a4758a6,2054-18 7718,1
c1087108-27c8-40f0-a061-7c6b23e436e1,3323-14 7719,1
6e2615c3-0cdf-4e59-91ad-477e891f2863,2411-17 2295,1
271c8c29-d76b-4c10-868a-0e79ae2b8355,1007-18 5635,5
80cd2be1-0ffb-4947-95c9-2e30d4d1097b,1051-17 5635,1
d7acc522-cc7e-498b-92af-6f422b59334a,1461-14 2335,14
02c76968-2192-4c06-9c28-ee3139dade73,3200-15 1265,1
5a87105b-1945-4e66-9061-f5bb1baa1ed2,5250-15 2730,1
158006fa-348a-4e94-b266-25e2d36731db,1463-16 1179,1
fdf8d85c-d45f-4a9b-a05d-df9ebd176e61,9613-17 7900,1
bc2b9b14-ec5d-4c85-926d-cd9d80dd64de,0956-10 6745,1
7305369a-b049-4847-88e3-4e1c2860b460,1001-18 7718,2
e349e812-6390-4c58-940b-2db1e14c0963,2001-18 2335,1
8849e18f-44f4-46b9-99e2-ac80941980ba,4017-13 7757,1
bc27e0ee-11ea-4eb4-ab54-e7283a432960,1408-18 2295,2
9d501965-536f-4af3-a30f-7353619b8635,3321-14 3440,2
493f65d1-8abd-4b71-85a9-e025110c6014,5032-14 6750,1
746e8347-9452-463b-a272-8f81d764b764,1008-17 1125,1
5255526d-3428-4586-b407-0b364c8e81e5,2510-16 8801,1
012b69de-9e5c-4c86-a04a-cad6d0ebd465,3344-15 1011,1
93204792-a86b-4f05-80c9-4332a733c168,5303-16 3878,1
ab2d2781-257f-4a25-bbdf-1066cb082647,1002-18 2295,2
5f882d6f-0053-4f1b-90d1-478e9c819f96,1405-18 8915,1
e3e537cc-8e01-4b5a-813e-2c93a38f8b4c,2034-18 1179,1
89ababc3-1822-42e6-9337-f16672960af4,1204-18 3000,1
f51781ae-92cc-4922-b7a5-c572ce8b9b7d,4019-13 7718,1
ea1a8862-0f28-4903-b79e-06ed74e44dba,1051-17 5635,2
8111bb2f-b3a9-47cc-b0fc-e9dd7a7f8c0e,2409-19 8860,2
84cd3f00-18f3-4e22-a1f3-545dccd5ee9d,1022-17 7718,1
913e6e74-20b7-4d24-a233-5c7185bee8b3,1062-17 8850,1
42557d91-7303-483e-8c6f-48b0e71ce62a,1804-17 5635,1
dd82deec-e00e-4422-9e06-a91dc0777971,1016-17 5630,1
152356da-7132-422d-8e67-8f1cc55e9fe6,4808-18 2295,8
c0e9f50a-7005-49e2-a15a-ee406c174ee4,2642-18 9940,1
6684443e-f035-4db9-bbdb-8736061bd8cd,1054-17 2308,1
e2be7fcc-44b8-4704-a809-8fab6e34cfa8,1011-17 1125,1
333e8f90-5b95-4587-8269-2acacd17dbb5,2404-19 1125,1
530cb45a-fb5d-49cb-a7f1-e00a8868de84,1204-18 3000,1
6027c507-e536-4b0a-a0f0-7526cc4c1ed0,1477-15 1125,1
2b850b45-609c-401e-9190-fa54fb018682,4824-18 2295,1
186b2a72-301e-40b5-932f-f73f1ebd3fd9,1007-18 5635,1
7d8d102d-7e7f-43d1-94fe-852b057bd703,1403-18 4410,5
88cdc26f-31c5-4f41-83be-1ffbb7f285d1,1022-17 7718,2
c6ed9cf7-9399-4be7-9411-a82624cf1530,2634-18 2301,1
4bec27fa-2f43-4761-9657-d99cc329b1ad,2612-18 2301,2
31c52857-af47-4e5d-a95b-6a6f6472f227,3001-16 7718,1
a9d981cc-05f2-451a-9bd8-13f61673a119,6034-14 3303,1
586d8c05-4431-4f51-a4cf-b344b08bddd6,1021-17 5630,1
42f5e063-8221-46a3-b2ed-229d385a25ca,4816-18 8900,1
963b15fe-ec3f-4bf0-b2df-0b213e173ea2,1008-17 2295,1
3c5a65e8-6175-4040-87aa-110846a2f665,3340-14 7718,1
9f16fc81-1385-4852-b2a8-0942d9c016ea,3004-16 5650,2
95d75c8e-0ec3-45e1-b9da-a19c124dd8d6,1054-17 6725,1
06a7b272-aeac-4bfd-99fa-76a58f0b9a45,1469-16 3886,1
53447207-39d3-425c-b1fa-5711616b8b5a,1877-17 7718,1
df82347c-30ac-42e9-b0ff-fa4157d8832b,5032-14 6750,4
658b1b46-3ce0-4f9d-b016-f546a9752276,4201-18 3898,1
1e47c3b5-8bc5-4a0a-b0ef-492b79fd62ac,1176-14 8850,1
6175a906-d721-4fdb-9af4-ef99525e4401,1022-17 3880,1
db8a32af-efe8-4c20-984a-caf55e0cd4e1,9612-17 8830,1
a28c8825-656b-4a60-8dfe-ca4a1d142eab,2801-17 3303,1
22b15bcb-39ba-4a4f-85d0-da3c0117e250,4094-16 1265,2
1dc1ebc8-f3dc-499f-ac24-6011903bcedd,2642-18 7718,1
7dc6def1-ba26-4ffe-9324-dfecda3841a8,1057-17 2308,1
b1bd6611-d404-4677-a65b-0e91985ab860,1804-17 1179,1
6ef1f384-a952-42db-a766-93453d741c78,2634-18 7718,1
af69c11d-e96d-4928-88a6-7cb50e167e90,1057-17 2308,4
20dcc7ea-6f53-4491-8673-b1adc7a96ce3,2036-18 2295,1
ff39b90b-3738-4c86-b4dd-58632b9fc6df,1419-18 7718,1
b0eed52b-6ee4-4524-9ec0-53037b9fc025,5611-15 7718,1
892e934c-a45a-41e7-89d0-9c4c9f0f1aed,1875-17 2360,1
b8ad4986-c3c3-4c1c-a80f-df983752a295,1878-17 2295,1
c1c8b3d0-785d-47b4-8604-6f12108340bc,2225-18 8825,1
6a2f6216-275b-444d-9bab-0478d671d3f8,2612-17 7718,1
59d567a3-ef1d-4608-8e58-a38d43938c13,2205-18 7718,1
f0f8b6d9-1cf6-41cb-9f1a-0990f0aa00ec,2640-18 2295,1
50037081-9778-4d21-a34c-9d19f13e89c7,1021-17 1125,1
e1b21450-4d88-45ec-9db6-2ad0319cf5ff,2630-18 1225,3
5ebc3461-7925-41e4-82d1-a4eabd378ba9,2432-19 1280,1
6784d6a2-1ed7-4dff-9e6e-80f9530a0c72,1015-17 5630,2
a124aae6-5940-43e0-bee2-ae6d2c4b8798,1001-18 2295,3
4054ea3e-99da-491f-8934-9d01559bccf2,3409-18 8822,1
603cb7d4-2b49-47e3-a197-3854058176f8,2501-16 1125,1
66c4641c-30e7-4162-8383-14d9e18bc9e0,5011-14 1235,1
47da027b-5b7c-4316-a71a-9d3816d47b5c,1804-17 1179,1
586a4cd9-8d9a-4a0b-b69e-5ea062b06515,1358-14 9900,1
6cb2caca-80ed-4eeb-b353-15c038c87088,6090-11 3308,1
99524570-d8fa-43c9-b672-651afadd2e8e,3032-16 1125,1
f3c0c9cc-6c25-4b64-84d8-52b351747eeb,1488-14 7718,2
069a4cfa-4277-461a-9330-aa1f1624db59,3425-19 2295,1
9a21bc31-5c85-4f7d-93bd-6c8c8ff94fd7,1054-17 6725,1
148eafe6-fe28-4689-809e-9a93e7e4f268,3000-16 3400,13
f99fa765-8c5f-4660-a0f9-9ca2259ae6c6,1844-17 1179,1
82d20900-c102-4943-9539-f6c8163549d8,3210-15 6725,1
bd8fbec9-1da0-4753-b406-a2c9c2fb5358,9613-17 7902,2
ca51546a-6cfa-41e7-817c-af98649670bf,4807-18 2295,1
05bfd831-ba02-4421-b71a-30adb0d8a0fb,1877-17 7718,1
d6301fbe-0d0f-4b38-93e7-f66afded83ee,3321-14 7718,1
a73b5c11-57a4-4850-b2ab-f8bac3a75a78,2612-17 2301,1
e4f2560d-ec55-4fa2-b73d-b2a5dd81afc5,1485-14 3886,1
393d1033-ed8d-4035-aa3b-430078525488,2431-19 2345,1
72827875-daaa-4b5b-abcb-80026dd88fdc,2224-18 2295,1
7f092191-c2da-4932-8e72-8e7cbad8e27f,3430-16 7760,2
9f9c29e1-9da1-454b-a39a-31df168db9ae,4060-16 1270,1
7a263dbc-1f9c-466b-932d-88caf1f62019,1001-16 5630,1
93728297-d15a-4d5a-9f60-8b2abdb1929d,1001-18 2295,2
5da7379e-c95d-4bfe-958e-a696b005a53e,1490-15 2335,1
571f2277-a107-4b99-b78f-4551bb445c1b,1804-17 5635,1
d58b3771-2694-41a9-b612-76a7f43683d2,2211-18 2295,2
349e296f-b811-487e-a1a5-8736fec12e2a,4017-13 7757,1
43bee585-fb1d-4675-801c-ee3012619598,4808-18 7718,1
0396f545-ef9b-4da4-a1ff-a047ff032858,9613-17 7902,1
0b0d70bf-d6f8-42b8-b060-53128fc87d39,1017-17 3400,1
c86c895a-7cb5-4471-a13c-2032ef3b3918,1015-17 2295,2
c8243bca-1a09-4c27-ac62-757eab4283a0,3000-16 2355,1
a903b515-8163-4eb0-9f82-a426447a338a,1015-17 2295,1
90e63402-0352-44ec-8499-6605769d94ea,5311-13 5610,1
91ccbecd-af08-4e89-9a80-8e42e5f750f4,1262-13 4465,2
20243e27-1342-416f-b1e7-03bb9e5f2c25,0049-03 3315,2
8806c93b-fcb9-45d6-954e-f178fe10955e,1871-17 7718,1
7e7ea295-3918-4faf-a192-495ac90bd79c,2401-19 7718,1
c5dad5f0-bed4-46dc-9c48-9b0f76619108,9606-18 8830,1
c521159c-c547-45cb-9776-6bb72d7566a7,2011-18 7718,3
d10e3a24-7fc7-4d0a-a03e-27399749e643,1831-17 3663,1
974d4584-fd7e-4cb5-95b3-ad71a133f6b4,1004-18 1125,2
